site_id,x_center_mm,y_center_mm,n_points,tilt_urad,standoff_um,loss_angular_db,loss_lateral_db,loss_gap_db,loss_total_db
10,-60.0,-20.0,169,959.0522820133785,12.26843803162322,0.0004437229725595516,0.5909111454192637,0.21872471376109484,0.8100795821529181
11,-60.0,-10.0,169,912.5387533953997,10.227110146962412,0.00040172603802811406,0.5349833295910241,0.1760794217108466,0.7114644773398988
12,-60.0,0.0,156,883.4424606459265,9.223415515237543,0.00037651638926023025,0.5014113413229425,0.15598827509975702,0.6577761328119598
13,-60.0,10.0,169,852.8753685826313,9.271462621496735,0.00035091221953491655,0.4673139648165598,0.15693667177631074,0.6246015488124055
14,-60.0,20.0,169,844.8765561061504,10.296081379048724,0.0003443609254609457,0.45858952879536874,0.1774814699413815,0.6364153596622112
20,-50.0,-40.0,156,917.6745383114289,11.026775863077809,0.00040626060562244654,0.5410220670395083,0.19250285478340837,0.733931182428539
21,-50.0,-30.0,156,862.8790100743912,6.8657924706191595,0.000359192414879825,0.47834079916622474,0.11112953738070039,0.589829528961805
22,-50.0,-20.0,156,792.1954343334244,3.8426075943334492,0.00030275548350367073,0.40318306827151446,0.058538741709981246,0.46202456546499937
23,-50.0,-10.0,156,755.9996984426323,1.9727301202296377,0.00027572147437906434,0.36718155767820826,0.028869669091440703,0.39632694824402803
24,-50.0,0.0,144,723.2159433107778,1.1814561000237023,0.0002523267714166376,0.33602655426576794,0.016987162723371974,0.35326604376055654
25,-50.0,10.0,156,710.2284511201318,1.4617069419089883,0.00024334558940827068,0.32406620766218813,0.021149532696927015,0.34545908594852337
26,-50.0,20.0,156,704.5971683913696,2.7019409147449673,0.00023950199462362016,0.31894764689977334,0.040175780266475114,0.3593629291608721
27,-50.0,30.0,156,709.4851215507256,4.918177598345339,0.00024283648191276598,0.3233882231720572,0.07660229572340982,0.40023335537737975
28,-50.0,40.0,156,723.656482643061,8.081356557073155,0.000252634269403521,0.33643605298203977,0.13384517793592152,0.47053386518736484
32,-40.0,-50.0,156,860.4602357512576,9.34561330488732,0.00035718150098196526,0.4756628412776138,0.15840297408498286,0.6344229968635786
33,-40.0,-40.0,169,783.1348716554397,4.0321000400845755,0.0002958696876216472,0.39401317222511656,0.06166870215392109,0.45597774406665925
34,-40.0,-30.0,169,699.8591813072145,-0.013836026878080524,0.00023629181402219662,0.31467261131789276,-0.000193545024557068,0.31471535810735785
35,-40.0,-20.0,169,644.288474874948,-2.901065470962852,0.0002002571693117583,0.2666848475611639,-0.03781460077862975,0.22907050395184592
36,-40.0,-10.0,169,591.1231814826332,-4.629954348423507,0.000168571181036865,0.22448824115772661,-0.057669182125442586,0.1669876302133209
37,-40.0,0.0,156,566.1297324021834,-5.236508354902695,0.00015461772388055794,0.20590625676500865,-0.06415346388207166,0.14190741060681755
38,-40.0,10.0,169,560.9468648335323,-4.790994697526767,0.0001517996596225708,0.2021534071684537,-0.05941526205303328,0.14288994477504297
39,-40.0,20.0,169,564.725977780962,-3.3274597850097636,0.00015385190557723995,0.20488640744734474,-0.04289910117629109,0.16214115817663088
40,-40.0,30.0,169,586.530805977237,-0.8676739395244352,0.00016596213077037244,0.2210137379726957,-0.011894275397690224,0.20928542470577585
41,-40.0,40.0,169,620.5604438663909,2.5250857464171776,0.0001857785315511519,0.24740347392869483,0.03740253637905869,0.28499178883930465
42,-40.0,50.0,156,663.9140786355533,6.826256538303955,0.00021264300648394526,0.2831792138279706,0.11040564101264869,0.3937974978471033
46,-30.0,-50.0,156,744.3586524127273,3.942993824241915,0.00026729561214520895,0.3559607370048225,0.06019407615302022,0.416422108769988
47,-30.0,-40.0,169,647.2161068739716,-1.300324759461026,0.00020208123210238913,0.2691139736140947,-0.017639734141475696,0.25167632070472146
48,-30.0,-30.0,169,555.0785716534798,-5.262880066013911,0.00014864019684017343,0.19794591310771878,-0.06442968042208784,0.1336648728824711
49,-30.0,-20.0,169,487.779058556656,-8.040440422052045,0.00011478196356480966,0.1528565022728252,-0.09083762766726361,0.06213365656912642
50,-30.0,-10.0,169,440.7279303635908,-9.62082730343937,9.370623648330089e-05,0.124789706545663,-0.10346718769912752,0.021416225083018783
51,-30.0,0.0,156,420.98401922735826,-10.124060721049199,8.549851424643798e-05,0.11385938549356354,-0.1071204822306496,0.006824401777160385
52,-30.0,10.0,169,414.2547777175337,-9.524728808247884,8.278704850255259e-05,0.11024849440257009,-0.10274926577330158,0.007582015677771059
53,-30.0,20.0,169,438.4343898014394,-7.86850210925902,9.273348289995137e-05,0.12349427906118533,-0.08935821440035369,0.0342287981437316
54,-30.0,30.0,169,483.35435612180805,-5.250671604696143,0.00011270900646450796,0.15009592071564687,-0.06430186855825129,0.08590676116386009
55,-30.0,40.0,169,539.980030597916,-1.653229141970656,0.0001406639296611855,0.18732382350140867,-0.022234342325817835,0.16523014510525202
56,-30.0,50.0,156,594.5583497487669,2.8716243494096387,0.0001705360944526305,0.2271049396587353,0.04285526993486913,0.27013074568805706
60,-20.0,-60.0,169,771.4783978752841,6.737625346261515,0.00028712756469318385,0.3823711834336504,0.10878625556834173,0.49144456656668534
61,-20.0,-50.0,156,655.8361544873767,0.22990309821669677,0.00020749997875530005,0.27633018280186356,0.003234322179063498,0.27977200495968235
62,-20.0,-40.0,169,541.0643796283824,-4.966423006888207,0.00014122943925699432,0.18807691933748263,-0.06129720027779628,0.12692094849894334
63,-20.0,-30.0,169,435.5924282294371,-8.905586468526748,9.153516979929971e-05,0.1218984712922244,-0.0979682370915006,0.02402176937052311
64,-20.0,-20.0,169,349.47815995592657,-11.617294400177752,5.892063633049802e-05,0.07846531024087045,-0.11690746488553846,-0.03838323400833753
65,-20.0,-10.0,169,288.8393971883819,-13.143928232411742,4.02476203322676e-05,0.053598233361127214,-0.12527592024177037,-0.07163743926031088
66,-20.0,0.0,156,264.2313691349156,-13.534842096272168,3.36818624397279e-05,0.04485453570119705,-0.12715133765127637,-0.08226312008763959
67,-20.0,10.0,169,283.6611355653259,-12.792693769551658,3.881745175612586e-05,0.05169366090548963,-0.12349773645390756,-0.0717652580966618
68,-20.0,20.0,169,331.68520847497905,-11.007675813944834,5.307372340019352e-05,0.07067890694314793,-0.11310263325949454,-0.04237065259294642
69,-20.0,30.0,169,402.7534867782697,-8.210215230599436,7.825389540259598e-05,0.10421164065302312,-0.0922781893449611,0.012011705203464618
70,-20.0,40.0,169,476.88697704973845,-4.43073787386965,0.00010971304611976644,0.1461061647903903,-0.05548471894911994,0.09073115888739011
71,-20.0,50.0,156,551.2765370628161,0.30795363397996894,0.00014661093561531746,0.1952435218661349,0.004340205069853803,0.19973033787160402
72,-20.0,60.0,169,625.9026180283702,5.929237812332952,0.00018899089594213983,0.25168141768903945,0.09423645917370393,0.34610686775868554
75,-10.0,-60.0,169,728.6539005184216,4.6388712787797575,0.00025613559465446385,0.3410988093468623,0.07184220591995666,0.41319715086147346
76,-10.0,-50.0,156,605.2239264681358,-1.902567387062311,0.0001767093482703818,0.2353259349868996,-0.02543067369303767,0.21007197064213232
77,-10.0,-40.0,169,476.6325916833605,-7.109041228865634,0.00010959602908665036,0.14595033181948658,-0.08257737772110851,0.0634825501274647
78,-10.0,-30.0,169,354.01513866361455,-11.027796220009686,6.046039994745814e-05,0.08051583171223894,-0.11323241706329286,-0.03265612495110645
79,-10.0,-20.0,169,242.3817579296509,-13.691283444871251,2.834178567819131e-05,0.03774309214085067,-0.12787124485275717,-0.0900998109262283
80,-10.0,-10.0,169,154.0619791299521,-15.175182548404385,1.1450337636321361e-05,0.015248550439222264,-0.1338275029779311,-0.11856750220107252
81,-10.0,0.0,156,128.26904785910932,-15.47721292195103,7.937268825717318e-06,0.010570155036712155,-0.1348461783997994,-0.12426808609426153
82,-10.0,10.0,169,169.42239054413014,-14.603426779686348,1.3847422980493643e-05,0.01844077742314853,-0.13171960741939356,-0.11326498257326453
83,-10.0,20.0,169,271.0782423226776,-12.772065255843065,3.5450035107873044e-05,0.04720923221511814,-0.12339056291147632,-0.0761458806612503
84,-10.0,30.0,169,355.9486161114848,-9.818782385784218,6.112262047060559e-05,0.08139771863730835,-0.10492556145819174,-0.02346672020041278
85,-10.0,40.0,169,453.80084118962316,-5.882944870854423,9.934772826876728e-05,0.13230254806836755,-0.07078676107819797,0.061615134718438366
86,-10.0,50.0,156,535.4373969149646,-0.979057614467011,0.00013830718715661275,0.1841853215554711,-0.013385243867767571,0.17093838487486013
87,-10.0,60.0,169,625.9673881450791,4.812684939230147,0.00018903001255676528,0.2517335097486863,0.07479874080570381,0.3267212805669469
90,0.0,-60.0,156,724.4645367122158,4.099371972920758,0.0002531987806863587,0.3371878193528894,0.0627852865228041,0.40022630465637987
91,0.0,-50.0,144,591.6498368269708,-2.496783927391932,0.00016887168849291986,0.2248884305011815,-0.032880898332659864,0.19217640385701457
92,0.0,-40.0,156,457.30926538280835,-7.70970401045716,0.00010088982035649565,0.13435617039187542,-0.08797356238650333,0.04648349782572858
93,0.0,-30.0,156,341.56081935952784,-11.645049388067068,5.62812119673179e-05,0.07495035751102289,-0.11707441471279628,-0.04206777598980607
94,0.0,-20.0,156,190.1713011613618,-14.279367019098093,1.7446861100946866e-05,0.023234191859984606,-0.130420697671442,-0.10716905895035643
95,0.0,-10.0,156,82.50813790322563,-15.779846684703742,3.2841343796193474e-06,0.0043735207054469115,-0.1358010796276575,-0.13142427478783097
96,0.0,0.0,144,35.35370979354542,-16.043439075888465,6.02972260244209e-07,0.0008029853106357456,-0.13657908373949249,-0.1357754954565965
97,0.0,10.0,156,147.58980508385847,-15.134656041794011,1.0508483967974386e-05,0.013994272738047911,-0.1336858267317431,-0.1196810455097272
98,0.0,20.0,156,256.89668534092897,-13.156443527297215,3.183789521724621e-05,0.042398902680290076,-0.1253376552829819,-0.08290691470747458
99,0.0,30.0,156,361.1093774737397,-10.141492098753565,6.290785552771433e-05,0.08377513733698405,-0.10724382851984027,-0.023405783327328497
100,0.0,40.0,156,456.9027183222121,-6.084355651380525,0.00010071051837756647,0.1341173918198898,-0.07279482671290038,0.06142327562536698
101,0.0,50.0,144,550.546786194002,-1.0189935527560035,0.00014622304084038022,0.1947269577936503,-0.013917825407925466,0.1809553554265652
102,0.0,60.0,156,640.8931321160123,4.907330576418967,0.00019815205602763744,0.26388144323259893,0.0764165313153225,0.34049612660394907
105,10.0,-60.0,169,752.1154531661495,5.131465842028236,0.00027289549819766037,0.3634181716793983,0.08026984097300319,0.4439609081505992
106,10.0,-50.0,156,623.5959418544392,-1.548333631657808,0.00018760046399652225,0.24982976297557488,-0.020877301071832777,0.22914006236773865
107,10.0,-40.0,169,491.2818902547676,-6.840274712242677,0.00011643642385263122,0.15505976666116192,-0.08008175782197484,0.07509444526303972
108,10.0,-30.0,169,364.9757519477751,-10.813063835066002,6.426216777165727e-05,0.08557869101532385,-0.11183251626034649,-0.026189563077250982
109,10.0,-20.0,169,255.02564955943828,-13.525696374950428,3.137581910389298e-05,0.04178355043959492,-0.12710870931681634,-0.08529378305811752
110,10.0,-10.0,169,166.26205200617878,-14.988373469422644,1.3335632540944157e-05,0.017759220024611475,-0.13316461994559436,-0.11539206428844195
111,10.0,0.0,156,146.42628979114122,-15.253634606777023,1.0343451061452682e-05,0.013774496459028408,-0.1340984082431095,-0.12031356833301965
112,10.0,10.0,169,200.25503547831204,-14.320402393091134,1.9346136084412938e-05,0.02576347888218282,-0.13058934277182968,-0.10480651775356245
113,10.0,20.0,169,295.82573911748074,-12.284578931898839,4.2218156373039674e-05,0.05622241957854532,-0.12076954633671383,-0.06450490860179547
114,10.0,30.0,169,390.8381082790345,-9.193510986497216,7.369213732541672e-05,0.09813669331603393,-0.10022508096878499,-0.0020146955154256435
115,10.0,40.0,169,486.63485837638353,-5.085069281575497,0.00011424409911865141,0.1521402218104315,-0.06255807881057923,0.0896963870989709
116,10.0,50.0,156,588.1933438341586,0.08180181412626827,0.00016690431273756902,0.22226845287334193,0.0011468431441028493,0.22358220033018236
117,10.0,60.0,169,675.1294819237804,6.168742578863205,0.00021988798242611498,0.2928274342205894,0.09850568491037745,0.3915530071133929
120,20.0,-60.0,169,812.2336211724864,7.643952265199619,0.00031826528671801264,0.4238376571690595,0.12556926466345794,0.5497251871192355
121,20.0,-50.0,156,680.7118286358206,0.8459784061090024,0.00022353932865903914,0.29768997530646923,0.01207135627962222,0.30998487091475047
122,20.0,-40.0,169,562.6436186762945,-4.557346491583447,0.00015271937668021686,0.20337820528260217,-0.056876148098415305,0.14665477656086706
123,20.0,-30.0,169,445.3250085865351,-8.611995687277071,9.56712652463259e-05,0.12740655865598524,-0.09560713162118441,0.03189509830004715
124,20.0,-20.0,169,350.01977234512566,-11.377516148861911,5.9103405261969274e-05,0.0787087057946768,-0.1154423895788032,-0.03667458037886444
125,20.0,-10.0,169,289.5575846446424,-12.858614237656841,4.044801731634996e-05,0.053865104401676675,-0.12383818429647395,-0.06993263187748092
126,20.0,0.0,156,270.75864137686347,-13.16599975888267,3.536649328095518e-05,0.04709797857334771,-0.1253847185968024,-0.07825137353017372
127,20.0,10.0,169,310.19519205660396,-12.249334268793637,4.641918079640433e-05,0.06181697363019867,-0.12057348491255053,-0.05871009210155546
128,20.0,20.0,169,370.66916226967453,-10.219227105121997,6.628271063952749e-05,0.08826947191750416,-0.10779127941191324,-0.01945552478376955
129,20.0,30.0,169,457.54951925303357,-7.0710991658309785,0.00010099585598199944,0.13449737929201477,-0.08222810369830427,0.0523702714496925
130,20.0,40.0,169,544.7110062887797,-2.882945005217305,0.00014313955041935972,0.19062063702764573,-0.03759581445249849,0.1531679621255666
131,20.0,50.0,156,640.9230605938703,2.3179681667732965,0.00019817056310032414,0.2639060893208024,0.03418010115234729,0.29828436103625
132,20.0,60.0,169,723.7058282734092,8.537753686169006,0.00025266872448713527,0.3364819372255498,0.14260176193722737,0.4793363678872643
136,30.0,-50.0,156,767.716402856081,4.645720183389291,0.0002843341259545796,0.37865112793333344,0.07195834902838358,0.45089381108767157
137,30.0,-40.0,169,652.3745541912252,-0.8604520487459745,0.0002053153282639076,0.2734208578310088,-0.011797321244224557,0.2618288519150481
138,30.0,-30.0,169,548.6821865326342,-5.027766744979038,0.00014523425755741216,0.1934101833680673,-0.06195031453669152,0.1316051030889332
139,30.0,-20.0,169,467.9696279199934,-7.892817865410808,0.00010564834121723836,0.14069314906147892,-0.08956868637938448,0.05123011102331168
140,30.0,-10.0,169,412.94105476956,-9.473964803324172,8.226279725631497e-05,0.10955034279997267,-0.10236740133467191,0.007265204262557071
141,30.0,0.0,156,401.6178971919221,-9.817658001736534,7.78132336465514e-05,0.10362480616594504,-0.10491735583231301,-0.0012147364327214222
142,30.0,10.0,169,412.93076983491517,-8.92011340170702,8.22586995433489e-05,0.10954488582701404,-0.09808349683310735,0.011543647693450038
143,30.0,20.0,169,462.4886676872781,-6.905542540898045,0.0001031880817543723,0.13741679235439938,-0.08069240108608204,0.056827579350071725
144,30.0,30.0,169,528.6820323682767,-3.7667281645590402,0.0001348392875955773,0.17956707857835008,-0.04800884493257347,0.13169307293337218
145,30.0,40.0,169,615.5700874603433,0.44106491496582495,0.0001828025978991308,0.2434403877876645,0.006235402360097619,0.24985859274566125
146,30.0,50.0,156,692.4709732070734,5.673401372580074,0.00023132922059343974,0.308063866789023,0.0897149030740956,0.398010099083712
150,40.0,-50.0,156,872.0119582397358,9.84607584929729,0.00036683623619966903,0.48852016667887477,0.16838328564968472,0.6572702885647591
151,40.0,-40.0,169,762.0066037175086,4.130019339934186,0.0002801204515246228,0.3730397277178634,0.06329491317738375,0.4366147613467718
152,40.0,-30.0,169,662.9600691609955,-0.1761578882851721,0.00021203233200849843,0.282365971385996,-0.002454817341738358,0.28012318637626615
153,40.0,-20.0,169,586.2543762033549,-3.153210200781235,0.00016580573297160435,0.22080546116909003,-0.04083607361921207,0.18013519328284955
154,40.0,-10.0,169,537.8335642864032,-4.844116383216981,0.0001395478502887221,0.18583752736362497,-0.059987352729046456,0.12598972248486723
155,40.0,0.0,156,515.4307710494985,-5.256667122241641,0.0001281645839580981,0.17067829657771205,-0.06436464911484112,0.10644181204682902
156,40.0,10.0,169,524.5772586626521,-4.467275506030168,0.00013275358747574976,0.17678952699092806,-0.05588738807253901,0.1210348925058648
157,40.0,20.0,169,561.7107107761249,-2.509493696018383,0.00015221335477786776,0.2027043299134737,-0.03303767264688348,0.16981887062136808
158,40.0,30.0,169,621.968263766405,0.6374840877009594,0.000186622411910184,0.24852727941182318,0.009053043872188055,0.2577669456959214
159,40.0,40.0,169,683.0516987198077,4.838572246211603,0.00022507875234315517,0.2997400440852373,0.0752406838942081,0.3752058067317886
160,40.0,50.0,156,754.1137546813555,10.07376841175536,0.00027434754103950566,0.36535187435411726,0.17297212574600432,0.5385983476411611
164,50.0,-40.0,156,867.1117733790936,10.424358637485659,0.0003627250202152753,0.48304521159058933,0.18009638071939474,0.6635043173301993
165,50.0,-30.0,156,774.4424749806536,5.937826979327401,0.0002893381338465453,0.3853150245940628,0.09438895664486538,0.4799933193727748
166,50.0,-20.0,156,699.7292157345822,2.815548170411031,0.00023620406222784972,0.314555751212564,0.04196774055572822,0.3567596958305201
167,50.0,-10.0,156,645.7107602805477,0.9826199320230709,0.00020114229216504158,0.26786357616305106,0.014064783566816758,0.2821295020220329
168,50.0,0.0,144,622.2337773261236,0.44489302949256215,0.00018678178131928107,0.24873951354414936,0.006290076759429386,0.255216372084898
169,50.0,10.0,156,629.0252433504617,1.1141134729479354,0.00019088134938494348,0.254198956960908,0.015994533536003108,0.27038437184629605
170,50.0,20.0,156,652.953101471874,3.011722138628063,0.00020567965055435106,0.273906030146307,0.0450813497230344,0.31919305951989574
171,50.0,30.0,156,694.5709750100277,6.08091930565361,0.00023273441564204036,0.3099351817018307,0.09693614557428262,0.4071040616917554
172,50.0,40.0,156,752.8031914723882,10.22752802808791,0.0002733948005189242,0.36408309850269666,0.17608790814430128,0.5404444014475168
178,60.0,-20.0,169,803.8657889829425,9.904234217908222,0.00031174137040278574,0.415149680433907,0.16955253404185008,0.5850139558461599
179,60.0,-10.0,169,758.8774520938008,7.918894169661221,0.000277824566886903,0.3699822709150305,0.13075798458798335,0.5010180800699008
180,60.0,0.0,156,731.593459347146,7.2252104818167044,0.00025820638405509776,0.3438565041526826,0.11775371335098608,0.46186842388772376
181,60.0,10.0,169,732.8396443056913,7.819668109438544,0.0002590867827502761,0.3450289415371897,0.12888017828083967,0.47416820660077963
182,60.0,20.0,169,742.2659305695221,9.560529825858,0.0002657947522079466,0.35396202402513227,0.1626710080612135,0.5168988268385537
